Country,Division,Zone
Bangladesh,Dhaka,Azimpur
Bangladesh,Barisal,Barisal
Bangladesh,Rajshahi,Bogra
Bangladesh,Mymensingh_Division,Jamalpur
Bangladesh,Khulna,Jessore
Bangladesh,Dhaka,Kishorganj
Bangladesh,Khulna,Kushtia
Bangladesh,Chittagong,Lakshmipur
Bangladesh,Dhaka,Madaripur
Bangladesh,Mymensingh_Division,Mymensingh
Bangladesh,Dhaka,Nagarpur
Bangladesh,Khulna,Narail
Bangladesh,Dhaka,Narayanganj
Bangladesh,Dhaka,Narsingdi
Bangladesh,Rajshahi,Nawabganj
Bangladesh,Rajshahi,Pabna
Bangladesh,Dhaka,Palang
Bangladesh,Rajshahi,Par_Naogaon
Bangladesh,Barisal,Pirojpur
Bangladesh,Chittagong,Raipur
Bangladesh,Rajshahi,Rajshahi
Bangladesh,Chittagong,Ramganj
Bangladesh,Mymensingh_Division,Sarishabari
Bangladesh,Khulna,Satkhira
Bangladesh,Rajshahi,Shahzadpur
Bangladesh,Mymensingh_Division,Sherpur
Bangladesh,Rajshahi,Sirajganj
Bangladesh,Dhaka,Tangail
Bangladesh,Dhaka,Tungi
Bangladesh,Dhaka,Tungipara
